line,event
16,entering
26,entering
57,entering
76,entering
100,unknown
147,exiting
186,exiting
189,entering
195,exiting
199,exiting
204,entering
294,exiting
310,entering
344,unknown
355,entering
483,exiting
490,entering
491,exiting
511,unknown
532,exiting
535,exiting
536,exiting
537,exiting
538,exiting
540,exiting
541,exiting
542,exiting
544,exiting
545,exiting
549,exiting
550,exiting
551,unknown
552,exiting
553,exiting
555,exiting
557,exiting
558,exiting
559,exiting
560,exiting
562,unknown
563,entering
565,exiting
566,exiting
581,exiting
583,exiting
585,exiting
586,exiting
587,exiting
590,exiting
595,entering
596,entering
603,exiting
622,exiting
623,unknown
626,entering
633,entering
635,exiting
637,exiting
638,entering
642,unknown
645,entering
646,entering
652,exiting
665,entering
710,entering
711,entering
712,entering
713,entering
715,entering
744,entering
749,exiting
754,entering
757,entering
758,entering
778,unknown
779,entering
781,entering
819,exiting
837,exiting
840,exiting
847,unknown
849,entering
851,entering
860,entering
862,entering
876,exiting
878,entering
879,entering
884,entering
886,entering
887,entering
888,entering
894,entering
899,entering
900,entering
906,entering
907,entering
908,entering
914,entering
918,exiting
919,entering
921,entering
922,entering
923,entering
978,entering
991,exiting
997,entering
1017,entering
1020,exiting
1021,unknown
1026,unknown
1028,entering
1031,entering
1034,exiting
1035,exiting
1036,exiting
1039,entering
1043,exiting
1044,exiting
1048,exiting
1051,exiting
1052,exiting
1054,entering
1056,exiting
1059,exiting
1060,exiting
1064,exiting
1066,exiting
1070,exiting
1071,entering
1076,exiting
1080,exiting
1081,exiting
1085,entering
1087,unknown
1089,entering
1098,exiting
1099,exiting
1100,exiting
1103,entering
1115,exiting
1118,exiting
1120,entering
1122,entering
1124,exiting
1133,entering
1140,entering
1143,entering
1145,entering
1147,entering
1154,entering
1156,exiting
1160,exiting
1172,exiting
1178,entering
1179,exiting
1201,entering
1204,entering
1210,entering
1212,entering
1213,exiting
1217,entering
1223,exiting
1226,exiting
1240,entering
1246,exiting
1248,exiting
1263,entering
1265,entering
1274,exiting
1275,entering
1281,entering
1283,entering
1288,exiting
1292,unknown
1327,exiting
1328,exiting
1330,entering
1331,exiting
1338,entering
1340,exiting
1350,unknown
